item,channel,attacker_stat,nominal_ar,defender_all_attributes,defense,pressure,penetration,reduction_percent
minecraft:wooden_sword,PHYSICAL,5,4,5,10.0000,0.10,0.800000000,20.000000
minecraft:wooden_sword,PHYSICAL,5,4,40,27.5000,0.10,0.592592593,40.740741
minecraft:wooden_sword,PHYSICAL,5,4,99,57.0000,0.10,0.412371134,58.762887
minecraft:wooden_sword,PHYSICAL,20,4.8442,5,10.0000,0.10,0.828890182,17.110982
minecraft:wooden_sword,PHYSICAL,20,4.8442,40,27.5000,0.10,0.637881541,36.211846
minecraft:wooden_sword,PHYSICAL,20,4.8442,99,57.0000,0.10,0.459418448,54.058155
minecraft:wooden_sword,PHYSICAL,40,5.6884,5,10.0000,0.10,0.850487411,14.951259
minecraft:wooden_sword,PHYSICAL,40,5.6884,40,27.5000,0.10,0.674108836,32.589116
minecraft:wooden_sword,PHYSICAL,40,5.6884,99,57.0000,0.10,0.499490710,50.050929
minecraft:wooden_sword,PHYSICAL,60,6.2513,5,10.0000,0.10,0.862093694,13.790631
minecraft:wooden_sword,PHYSICAL,60,6.2513,40,27.5000,0.10,0.694488574,30.551143
minecraft:wooden_sword,PHYSICAL,60,6.2513,99,57.0000,0.10,0.523064437,47.693556
minecraft:wooden_sword,PHYSICAL,99,6.8,5,10.0000,0.10,0.871794872,12.820513
minecraft:wooden_sword,PHYSICAL,99,6.8,40,27.5000,0.10,0.712041885,28.795812
minecraft:wooden_sword,PHYSICAL,99,6.8,99,57.0000,0.10,0.544000000,45.600000
minecraft:stone_sword,PHYSICAL,5,5,5,10.0000,0.10,0.833333333,16.666667
minecraft:stone_sword,PHYSICAL,5,5,40,27.5000,0.10,0.645161290,35.483871
minecraft:stone_sword,PHYSICAL,5,5,99,57.0000,0.10,0.467289720,53.271028
minecraft:stone_sword,PHYSICAL,20,6.0553,5,10.0000,0.10,0.858262583,14.173742
minecraft:stone_sword,PHYSICAL,20,6.0553,40,27.5000,0.10,0.687688097,31.231190
minecraft:stone_sword,PHYSICAL,20,6.0553,99,57.0000,0.10,0.515112332,48.488767
minecraft:stone_sword,PHYSICAL,40,7.1106,5,10.0000,0.10,0.876704559,12.329544
minecraft:stone_sword,PHYSICAL,40,7.1106,40,27.5000,0.10,0.721112306,27.888769
minecraft:stone_sword,PHYSICAL,40,7.1106,99,57.0000,0.10,0.555055969,44.494403
minecraft:stone_sword,PHYSICAL,60,7.8141,5,10.0000,0.10,0.886545422,11.345458
minecraft:stone_sword,PHYSICAL,60,7.8141,40,27.5000,0.10,0.739684403,26.031560
minecraft:stone_sword,PHYSICAL,60,7.8141,99,57.0000,0.10,0.578218305,42.178169
minecraft:stone_sword,PHYSICAL,99,8.5,5,10.0000,0.10,0.894736842,10.526316
minecraft:stone_sword,PHYSICAL,99,8.5,40,27.5000,0.10,0.755555556,24.444444
minecraft:stone_sword,PHYSICAL,99,8.5,99,57.0000,0.10,0.598591549,40.140845
minecraft:iron_sword,PHYSICAL,5,6,5,10.0000,0.10,0.857142857,14.285714
minecraft:iron_sword,PHYSICAL,5,6,40,27.5000,0.10,0.685714286,31.428571
minecraft:iron_sword,PHYSICAL,5,6,99,57.0000,0.10,0.512820513,48.717949
minecraft:iron_sword,PHYSICAL,20,7.2663,5,10.0000,0.10,0.879026892,12.097311
minecraft:iron_sword,PHYSICAL,20,7.2663,40,27.5000,0.10,0.725447521,27.455248
minecraft:iron_sword,PHYSICAL,20,7.2663,99,57.0000,0.10,0.560398880,43.960112
minecraft:iron_sword,PHYSICAL,40,8.5327,5,10.0000,0.10,0.895097926,10.490207
minecraft:iron_sword,PHYSICAL,40,8.5327,40,27.5000,0.10,0.756264015,24.373599
minecraft:iron_sword,PHYSICAL,40,8.5327,99,57.0000,0.10,0.599513796,40.048620
minecraft:iron_sword,PHYSICAL,60,9.3769,5,10.0000,0.10,0.903632106,9.636789
minecraft:iron_sword,PHYSICAL,60,9.3769,40,27.5000,0.10,0.773231411,22.676859
minecraft:iron_sword,PHYSICAL,60,9.3769,99,57.0000,0.10,0.621938197,37.806180
minecraft:iron_sword,PHYSICAL,99,10.2,5,10.0000,0.10,0.910714286,8.928571
minecraft:iron_sword,PHYSICAL,99,10.2,40,27.5000,0.10,0.787644788,21.235521
minecraft:iron_sword,PHYSICAL,99,10.2,99,57.0000,0.10,0.641509434,35.849057
minecraft:diamond_sword,PHYSICAL,5,7,5,10.0000,0.10,0.875000000,12.500000
minecraft:diamond_sword,PHYSICAL,5,7,40,27.5000,0.10,0.717948718,28.205128
minecraft:diamond_sword,PHYSICAL,5,7,99,57.0000,0.10,0.551181102,44.881890
minecraft:diamond_sword,PHYSICAL,20,8.4774,5,10.0000,0.10,0.894485829,10.551417
minecraft:diamond_sword,PHYSICAL,20,8.4774,40,27.5000,0.10,0.755063505,24.493649
minecraft:diamond_sword,PHYSICAL,20,8.4774,99,57.0000,0.10,0.597951670,40.204833
minecraft:diamond_sword,PHYSICAL,40,9.9548,5,10.0000,0.10,0.908715814,9.128419
minecraft:diamond_sword,PHYSICAL,40,9.9548,40,27.5000,0.10,0.783546376,21.645362
minecraft:diamond_sword,PHYSICAL,40,9.9548,99,57.0000,0.10,0.635894422,36.410558
minecraft:diamond_sword,PHYSICAL,60,10.9397,5,10.0000,0.10,0.916245802,8.375420
minecraft:diamond_sword,PHYSICAL,60,10.9397,40,27.5000,0.10,0.799119046,20.088095
minecraft:diamond_sword,PHYSICAL,60,10.9397,99,57.0000,0.10,0.657445747,34.255425
minecraft:diamond_sword,PHYSICAL,99,11.9,5,10.0000,0.10,0.922480620,7.751938
minecraft:diamond_sword,PHYSICAL,99,11.9,40,27.5000,0.10,0.812286689,18.771331
minecraft:diamond_sword,PHYSICAL,99,11.9,99,57.0000,0.10,0.676136364,32.386364
minecraft:netherite_sword,PHYSICAL,5,8,5,10.0000,0.10,0.888888889,11.111111
minecraft:netherite_sword,PHYSICAL,5,8,40,27.5000,0.10,0.744186047,25.581395
minecraft:netherite_sword,PHYSICAL,5,8,99,57.0000,0.10,0.583941606,41.605839
minecraft:netherite_sword,PHYSICAL,20,9.6884,5,10.0000,0.10,0.906440627,9.355937
minecraft:netherite_sword,PHYSICAL,20,9.6884,40,27.5000,0.10,0.778910471,22.108953
minecraft:netherite_sword,PHYSICAL,20,9.6884,99,57.0000,0.10,0.629591121,37.040888
minecraft:netherite_sword,PHYSICAL,40,11.3769,5,10.0000,0.10,0.919204324,8.079568
minecraft:netherite_sword,PHYSICAL,40,11.3769,40,27.5000,0.10,0.805335919,19.466408
minecraft:netherite_sword,PHYSICAL,40,11.3769,99,57.0000,0.10,0.666215765,33.378423
minecraft:netherite_sword,PHYSICAL,60,12.5025,5,10.0000,0.10,0.925939641,7.406036
minecraft:netherite_sword,PHYSICAL,60,12.5025,40,27.5000,0.10,0.819701688,18.029831
minecraft:netherite_sword,PHYSICAL,60,12.5025,99,57.0000,0.10,0.686856201,31.314380
minecraft:netherite_sword,PHYSICAL,99,13.6,5,10.0000,0.10,0.931506849,6.849315
minecraft:netherite_sword,PHYSICAL,99,13.6,40,27.5000,0.10,0.831804281,16.819572
minecraft:netherite_sword,PHYSICAL,99,13.6,99,57.0000,0.10,0.704663212,29.533679
minecraft:wooden_axe,SLASH,5,7,5,10.0000,0.10,0.875000000,12.500000
minecraft:wooden_axe,SLASH,5,7,40,22.2500,0.10,0.758807588,24.119241
minecraft:wooden_axe,SLASH,5,7,99,42.9000,0.10,0.620017715,37.998229
minecraft:wooden_axe,SLASH,20,8.5829,5,10.0000,0.10,0.895647455,10.435254
minecraft:wooden_axe,SLASH,20,8.5829,40,22.2500,0.10,0.794132070,20.586793
minecraft:wooden_axe,SLASH,20,8.5829,99,42.9000,0.10,0.666741760,33.325824
minecraft:wooden_axe,SLASH,40,10.1658,5,10.0000,0.10,0.910440810,8.955919
minecraft:wooden_axe,SLASH,40,10.1658,40,22.2500,0.10,0.820431288,17.956871
minecraft:wooden_axe,SLASH,40,10.1658,99,42.9000,0.10,0.703233304,29.676670
minecraft:wooden_axe,SLASH,60,11.2211,5,10.0000,0.10,0.918174305,8.182569
minecraft:wooden_axe,SLASH,60,11.2211,40,22.2500,0.10,0.834524509,16.547549
minecraft:wooden_axe,SLASH,60,11.2211,99,42.9000,0.10,0.723423871,27.657613
minecraft:wooden_axe,SLASH,99,12.25,5,10.0000,0.10,0.924528302,7.547170
minecraft:wooden_axe,SLASH,99,12.25,40,22.2500,0.10,0.846286701,15.371330
minecraft:wooden_axe,SLASH,99,12.25,99,42.9000,0.10,0.740628779,25.937122
minecraft:iron_axe,SLASH,5,9,5,10.0000,0.10,0.900000000,10.000000
minecraft:iron_axe,SLASH,5,9,40,22.2500,0.10,0.801781737,19.821826
minecraft:iron_axe,SLASH,5,9,99,42.9000,0.10,0.677200903,32.279910
minecraft:iron_axe,SLASH,20,11.0352,5,10.0000,0.10,0.916910396,8.308960
minecraft:iron_axe,SLASH,20,11.0352,40,22.2500,0.10,0.832204642,16.779536
minecraft:iron_axe,SLASH,20,11.0352,99,42.9000,0.10,0.720068906,27.993109
minecraft:iron_axe,SLASH,40,13.0704,5,10.0000,0.10,0.928928815,7.107118
minecraft:iron_axe,SLASH,40,13.0704,40,22.2500,0.10,0.854531428,14.546857
minecraft:iron_axe,SLASH,40,13.0704,99,42.9000,0.10,0.752885878,24.711412
minecraft:iron_axe,SLASH,60,14.4271,5,10.0000,0.10,0.935179003,6.482100
minecraft:iron_axe,SLASH,60,14.4271,40,22.2500,0.10,0.866383219,13.361678
minecraft:iron_axe,SLASH,60,14.4271,99,42.9000,0.10,0.770797827,22.920217
minecraft:iron_axe,SLASH,99,15.75,5,10.0000,0.10,0.940298507,5.970149
minecraft:iron_axe,SLASH,99,15.75,40,22.2500,0.10,0.876216968,12.378303
minecraft:iron_axe,SLASH,99,15.75,99,42.9000,0.10,0.785928144,21.407186
minecraft:netherite_axe,SLASH,5,10,5,10.0000,0.10,0.909090909,9.090909
minecraft:netherite_axe,SLASH,5,10,40,22.2500,0.10,0.817995910,18.200409
minecraft:netherite_axe,SLASH,5,10,99,42.9000,0.10,0.699790063,30.020994
minecraft:netherite_axe,SLASH,20,12.2613,5,10.0000,0.10,0.924592612,7.540739
minecraft:netherite_axe,SLASH,20,12.2613,40,22.2500,0.10,0.846406605,15.359340
minecraft:netherite_axe,SLASH,20,12.2613,99,42.9000,0.10,0.740805858,25.919414
minecraft:netherite_axe,SLASH,40,14.5226,5,10.0000,0.10,0.935577803,6.442220
minecraft:netherite_axe,SLASH,40,14.5226,40,22.2500,0.10,0.867145143,13.285486
minecraft:netherite_axe,SLASH,40,14.5226,99,42.9000,0.10,0.771961345,22.803865
minecraft:netherite_axe,SLASH,60,16.0302,5,10.0000,0.10,0.941280784,5.871922
minecraft:netherite_axe,SLASH,60,16.0302,40,22.2500,0.10,0.878116920,12.188308
minecraft:netherite_axe,SLASH,60,16.0302,99,42.9000,0.10,0.788880031,21.111997
minecraft:netherite_axe,SLASH,99,17.5,5,10.0000,0.10,0.945945946,5.405405
minecraft:netherite_axe,SLASH,99,17.5,40,22.2500,0.10,0.887198986,11.280101
minecraft:netherite_axe,SLASH,99,17.5,99,42.9000,0.10,0.803120698,19.687930
minecraft:bow,PIERCE,5,1,5,10.0000,0.10,0.500000000,50.000000
minecraft:bow,PIERCE,5,1,40,22.2500,0.10,0.310077519,68.992248
minecraft:bow,PIERCE,5,1,99,42.9000,0.10,0.189035917,81.096408
minecraft:bow,PIERCE,20,1.2412,5,10.0000,0.10,0.553810459,44.618954
minecraft:bow,PIERCE,20,1.2412,40,22.2500,0.10,0.358086666,64.191333
minecraft:bow,PIERCE,20,1.2412,99,42.9000,0.10,0.224399769,77.560023
minecraft:bow,PIERCE,40,1.4824,5,10.0000,0.10,0.597164035,40.283597
minecraft:bow,PIERCE,40,1.4824,40,22.2500,0.10,0.399848951,60.015105
minecraft:bow,PIERCE,40,1.4824,99,42.9000,0.10,0.256808260,74.319174
minecraft:bow,PIERCE,60,1.6432,5,10.0000,0.10,0.621670702,37.832930
minecraft:bow,PIERCE,60,1.6432,40,22.2500,0.10,0.424797063,57.520294
minecraft:bow,PIERCE,60,1.6432,99,42.9000,0.10,0.276950044,72.304996
minecraft:bow,PIERCE,99,1.8,5,10.0000,0.10,0.642857143,35.714286
minecraft:bow,PIERCE,99,1.8,40,22.2500,0.10,0.447204969,55.279503
minecraft:bow,PIERCE,99,1.8,99,42.9000,0.10,0.295566502,70.443350
minecraft:crossbow,PIERCE,5,1,5,10.0000,0.10,0.500000000,50.000000
minecraft:crossbow,PIERCE,5,1,40,22.2500,0.10,0.310077519,68.992248
minecraft:crossbow,PIERCE,5,1,99,42.9000,0.10,0.189035917,81.096408
minecraft:crossbow,PIERCE,20,1.2111,5,10.0000,0.10,0.547736421,45.226358
minecraft:crossbow,PIERCE,20,1.2111,40,22.2500,0.10,0.352463549,64.753645
minecraft:crossbow,PIERCE,20,1.2111,99,42.9000,0.10,0.220155969,77.984403
minecraft:crossbow,PIERCE,40,1.4221,5,10.0000,0.10,0.587135131,41.286487
minecraft:crossbow,PIERCE,40,1.4221,40,22.2500,0.10,0.389926243,61.007376
minecraft:crossbow,PIERCE,40,1.4221,99,42.9000,0.10,0.248962728,75.103727
minecraft:crossbow,PIERCE,60,1.5628,5,10.0000,0.10,0.609801779,39.019822
minecraft:crossbow,PIERCE,60,1.5628,40,22.2500,0.10,0.412587782,58.741222
minecraft:crossbow,PIERCE,60,1.5628,99,42.9000,0.10,0.267017496,73.298250
minecraft:crossbow,PIERCE,99,1.7,5,10.0000,0.10,0.629629630,37.037037
minecraft:crossbow,PIERCE,99,1.7,40,22.2500,0.10,0.433121019,56.687898
minecraft:crossbow,PIERCE,99,1.7,99,42.9000,0.10,0.283806344,71.619366
minecraft:trident,PIERCE,5,9,5,10.0000,0.10,0.900000000,10.000000
minecraft:trident,PIERCE,5,9,40,22.2500,0.10,0.801781737,19.821826
minecraft:trident,PIERCE,5,9,99,42.9000,0.10,0.677200903,32.279910
minecraft:trident,PIERCE,20,11.3065,5,10.0000,0.10,0.918742128,8.125787
minecraft:trident,PIERCE,20,11.3065,40,22.2500,0.10,0.835568858,16.443114
minecraft:trident,PIERCE,20,11.3065,99,42.9000,0.10,0.724938287,27.506171
minecraft:trident,PIERCE,40,13.6131,5,10.0000,0.10,0.931568250,6.843175
minecraft:trident,PIERCE,40,13.6131,40,22.2500,0.10,0.859515977,14.048402
minecraft:trident,PIERCE,40,13.6131,99,42.9000,0.10,0.760376695,23.962331
minecraft:trident,PIERCE,60,15.1508,5,10.0000,0.10,0.938083562,6.191644
minecraft:trident,PIERCE,60,15.1508,40,22.2500,0.10,0.871948342,12.805166
minecraft:trident,PIERCE,60,15.1508,99,42.9000,0.10,0.779330069,22.066993
minecraft:trident,PIERCE,99,16.65,5,10.0000,0.10,0.943342776,5.665722
minecraft:trident,PIERCE,99,16.65,40,22.2500,0.10,0.882119205,11.788079
minecraft:trident,PIERCE,99,16.65,99,42.9000,0.10,0.795128940,20.487106
minecraft:mace,STRIKE,5,6,5,10.0000,0.10,0.857142857,14.285714
minecraft:mace,STRIKE,5,6,40,25.7500,0.10,0.699708455,30.029155
minecraft:mace,STRIKE,5,6,99,52.3000,0.10,0.534283170,46.571683
minecraft:mace,STRIKE,20,7.4472,5,10.0000,0.10,0.881617577,11.838242
minecraft:mace,STRIKE,20,7.4472,40,25.7500,0.10,0.743070384,25.692962
minecraft:mace,STRIKE,20,7.4472,99,52.3000,0.10,0.587448332,41.255167
minecraft:mace,STRIKE,40,8.8945,5,10.0000,0.10,0.898933751,10.106625
minecraft:mace,STRIKE,40,8.8945,40,25.7500,0.10,0.775491521,22.450848
minecraft:mace,STRIKE,40,8.8945,99,52.3000,0.10,0.629721406,37.027859
minecraft:mace,STRIKE,60,9.8593,5,10.0000,0.10,0.907913033,9.208697
minecraft:mace,STRIKE,60,9.8593,40,25.7500,0.10,0.792911543,20.708846
minecraft:mace,STRIKE,60,9.8593,99,52.3000,0.10,0.653396778,34.660322
minecraft:mace,STRIKE,99,10.8,5,10.0000,0.10,0.915254237,8.474576
minecraft:mace,STRIKE,99,10.8,40,25.7500,0.10,0.807476636,19.252336
minecraft:mace,STRIKE,99,10.8,99,52.3000,0.10,0.673736744,32.626326
minecraft:wooden_pickaxe,PHYSICAL,5,2,5,10.0000,0.10,0.666666667,33.333333
minecraft:wooden_pickaxe,PHYSICAL,5,2,40,27.5000,0.10,0.421052632,57.894737
minecraft:wooden_pickaxe,PHYSICAL,5,2,99,57.0000,0.10,0.259740260,74.025974
minecraft:wooden_pickaxe,PHYSICAL,20,2.1206,5,10.0000,0.10,0.679548805,32.045120
minecraft:wooden_pickaxe,PHYSICAL,20,2.1206,40,27.5000,0.10,0.435387837,56.461216
minecraft:wooden_pickaxe,PHYSICAL,20,2.1206,99,57.0000,0.10,0.271155666,72.884433
minecraft:wooden_pickaxe,PHYSICAL,40,2.2412,5,10.0000,0.10,0.691472294,30.852771
minecraft:wooden_pickaxe,PHYSICAL,40,2.2412,40,27.5000,0.10,0.449030293,55.096971
minecraft:wooden_pickaxe,PHYSICAL,40,2.2412,99,57.0000,0.10,0.282224349,71.777565
minecraft:wooden_pickaxe,PHYSICAL,60,2.3216,5,10.0000,0.10,0.698940270,30.105973
minecraft:wooden_pickaxe,PHYSICAL,60,2.3216,40,27.5000,0.10,0.457764808,54.223519
minecraft:wooden_pickaxe,PHYSICAL,60,2.3216,99,57.0000,0.10,0.289418570,71.058143
minecraft:wooden_pickaxe,PHYSICAL,99,2.4,5,10.0000,0.10,0.705882353,29.411765
minecraft:wooden_pickaxe,PHYSICAL,99,2.4,40,27.5000,0.10,0.466019417,53.398058
minecraft:wooden_pickaxe,PHYSICAL,99,2.4,99,57.0000,0.10,0.296296296,70.370370
epicfight:bokken,PHYSICAL,5,4,5,10.0000,0.10,0.800000000,20.000000
epicfight:bokken,PHYSICAL,5,4,40,27.5000,0.10,0.592592593,40.740741
epicfight:bokken,PHYSICAL,5,4,99,57.0000,0.10,0.412371134,58.762887
epicfight:bokken,PHYSICAL,20,4.8442,5,10.0000,0.10,0.828890182,17.110982
epicfight:bokken,PHYSICAL,20,4.8442,40,27.5000,0.10,0.637881541,36.211846
epicfight:bokken,PHYSICAL,20,4.8442,99,57.0000,0.10,0.459418448,54.058155
epicfight:bokken,PHYSICAL,40,5.6884,5,10.0000,0.10,0.850487411,14.951259
epicfight:bokken,PHYSICAL,40,5.6884,40,27.5000,0.10,0.674108836,32.589116
epicfight:bokken,PHYSICAL,40,5.6884,99,57.0000,0.10,0.499490710,50.050929
epicfight:bokken,PHYSICAL,60,6.2513,5,10.0000,0.10,0.862093694,13.790631
epicfight:bokken,PHYSICAL,60,6.2513,40,27.5000,0.10,0.694488574,30.551143
epicfight:bokken,PHYSICAL,60,6.2513,99,57.0000,0.10,0.523064437,47.693556
epicfight:bokken,PHYSICAL,99,6.8,5,10.0000,0.10,0.871794872,12.820513
epicfight:bokken,PHYSICAL,99,6.8,40,27.5000,0.10,0.712041885,28.795812
epicfight:bokken,PHYSICAL,99,6.8,99,57.0000,0.10,0.544000000,45.600000
epicfight:iron_dagger,PIERCE,5,4,5,10.0000,0.10,0.800000000,20.000000
epicfight:iron_dagger,PIERCE,5,4,40,22.2500,0.10,0.642570281,35.742972
epicfight:iron_dagger,PIERCE,5,4,99,42.9000,0.10,0.482509047,51.749095
epicfight:iron_dagger,PIERCE,20,4.9045,5,10.0000,0.10,0.830637649,16.936235
epicfight:iron_dagger,PIERCE,20,4.9045,40,22.2500,0.10,0.687916404,31.208360
epicfight:iron_dagger,PIERCE,20,4.9045,99,42.9000,0.10,0.533416717,46.658328
epicfight:iron_dagger,PIERCE,40,5.809,5,10.0000,0.10,0.853135556,14.686444
epicfight:iron_dagger,PIERCE,40,5.809,40,22.2500,0.10,0.723052029,27.694797
epicfight:iron_dagger,PIERCE,40,5.809,99,42.9000,0.10,0.575205466,42.479453
epicfight:iron_dagger,PIERCE,60,6.4121,5,10.0000,0.10,0.865085468,13.491453
epicfight:iron_dagger,PIERCE,60,6.4121,40,22.2500,0.10,0.742390386,25.760961
epicfight:iron_dagger,PIERCE,60,6.4121,99,42.9000,0.10,0.599144093,40.085591
epicfight:iron_dagger,PIERCE,99,7,5,10.0000,0.10,0.875000000,12.500000
epicfight:iron_dagger,PIERCE,99,7,40,22.2500,0.10,0.758807588,24.119241
epicfight:iron_dagger,PIERCE,99,7,99,42.9000,0.10,0.620017715,37.998229
epicfight:diamond_dagger,PIERCE,5,5,5,10.0000,0.10,0.833333333,16.666667
epicfight:diamond_dagger,PIERCE,5,5,40,22.2500,0.10,0.692041522,30.795848
epicfight:diamond_dagger,PIERCE,5,5,99,42.9000,0.10,0.538213132,46.178687
epicfight:diamond_dagger,PIERCE,20,6.1307,5,10.0000,0.10,0.859761314,14.023869
epicfight:diamond_dagger,PIERCE,20,6.1307,40,22.2500,0.10,0.733714710,26.628529
epicfight:diamond_dagger,PIERCE,20,6.1307,99,42.9000,0.10,0.588319403,41.168060
epicfight:diamond_dagger,PIERCE,40,7.2613,5,10.0000,0.10,0.878953676,12.104632
epicfight:diamond_dagger,PIERCE,40,7.2613,40,22.2500,0.10,0.765451230,23.454877
epicfight:diamond_dagger,PIERCE,40,7.2613,99,42.9000,0.10,0.628613230,37.138677
epicfight:diamond_dagger,PIERCE,60,8.0151,5,10.0000,0.10,0.889074996,11.092500
epicfight:diamond_dagger,PIERCE,60,8.0151,40,22.2500,0.10,0.782716966,21.728303
epicfight:diamond_dagger,PIERCE,60,8.0151,99,42.9000,0.10,0.651364069,34.863593
epicfight:diamond_dagger,PIERCE,99,8.75,5,10.0000,0.10,0.897435897,10.256410
epicfight:diamond_dagger,PIERCE,99,8.75,40,22.2500,0.10,0.797266515,20.273349
epicfight:diamond_dagger,PIERCE,99,8.75,99,42.9000,0.10,0.671012270,32.898773
epicfight:netherite_dagger,PIERCE,5,6,5,10.0000,0.10,0.857142857,14.285714
epicfight:netherite_dagger,PIERCE,5,6,40,22.2500,0.10,0.729483283,27.051672
epicfight:netherite_dagger,PIERCE,5,6,99,42.9000,0.10,0.583090379,41.690962
epicfight:netherite_dagger,PIERCE,20,7.3568,5,10.0000,0.10,0.880336971,11.966303
epicfight:netherite_dagger,PIERCE,20,7.3568,40,22.2500,0.10,0.767788933,23.221107
epicfight:netherite_dagger,PIERCE,20,7.3568,99,42.9000,0.10,0.631658481,36.834152
epicfight:netherite_dagger,PIERCE,40,8.7136,5,10.0000,0.10,0.897051557,10.294844
epicfight:netherite_dagger,PIERCE,40,8.7136,40,22.2500,0.10,0.796591886,20.340811
epicfight:netherite_dagger,PIERCE,40,8.7136,99,42.9000,0.10,0.670091359,32.990864
epicfight:netherite_dagger,PIERCE,60,9.6181,5,10.0000,0.10,0.905821192,9.417881
epicfight:netherite_dagger,PIERCE,60,9.6181,40,22.2500,0.10,0.812126892,18.787311
epicfight:netherite_dagger,PIERCE,60,9.6181,99,42.9000,0.10,0.691546653,30.845335
epicfight:netherite_dagger,PIERCE,99,10.5,5,10.0000,0.10,0.913043478,8.695652
epicfight:netherite_dagger,PIERCE,99,10.5,40,22.2500,0.10,0.825147348,17.485265
epicfight:netherite_dagger,PIERCE,99,10.5,99,42.9000,0.10,0.709939148,29.006085
epicfight:wooden_greatsword,SLASH,5,12,5,10.0000,0.10,0.923076923,7.692308
epicfight:wooden_greatsword,SLASH,5,12,40,22.2500,0.10,0.843585237,15.641476
epicfight:wooden_greatsword,SLASH,5,12,99,42.9000,0.10,0.736648250,26.335175
epicfight:wooden_greatsword,SLASH,20,15.2563,5,10.0000,0.10,0.938485387,6.151461
epicfight:wooden_greatsword,SLASH,20,15.2563,40,22.2500,0.10,0.872721136,12.727886
epicfight:wooden_greatsword,SLASH,20,15.2563,99,42.9000,0.10,0.780521122,21.947888
epicfight:wooden_greatsword,SLASH,40,18.5126,5,10.0000,0.10,0.948751063,5.124894
epicfight:wooden_greatsword,SLASH,40,18.5126,40,22.2500,0.10,0.892706967,10.729303
epicfight:wooden_greatsword,SLASH,40,18.5126,99,42.9000,0.10,0.811863559,18.813644
epicfight:wooden_greatsword,SLASH,60,20.6834,5,10.0000,0.10,0.953881771,4.611823
epicfight:wooden_greatsword,SLASH,60,20.6834,40,22.2500,0.10,0.902874055,9.712595
epicfight:wooden_greatsword,SLASH,60,20.6834,99,42.9000,0.10,0.828217223,17.178278
epicfight:wooden_greatsword,SLASH,99,22.8,5,10.0000,0.10,0.957983193,4.201681
epicfight:wooden_greatsword,SLASH,99,22.8,40,22.2500,0.10,0.911088911,8.891109
epicfight:wooden_greatsword,SLASH,99,22.8,99,42.9000,0.10,0.841638981,15.836102
epicfight:iron_greatsword,SLASH,5,14,5,10.0000,0.10,0.933333333,6.666667
epicfight:iron_greatsword,SLASH,5,14,40,22.2500,0.10,0.862865948,13.713405
epicfight:iron_greatsword,SLASH,5,14,99,42.9000,0.10,0.765445599,23.455440
epicfight:iron_greatsword,SLASH,20,17.799,5,10.0000,0.10,0.946805681,5.319432
epicfight:iron_greatsword,SLASH,20,17.799,40,22.2500,0.10,0.888883340,11.111666
epicfight:iron_greatsword,SLASH,20,17.799,99,42.9000,0.10,0.805785685,19.421431
epicfight:iron_greatsword,SLASH,40,21.598,5,10.0000,0.10,0.955748296,4.425170
epicfight:iron_greatsword,SLASH,40,21.598,40,22.2500,0.10,0.906602863,9.339714
epicfight:iron_greatsword,SLASH,40,21.598,99,42.9000,0.10,0.834286156,16.571384
epicfight:iron_greatsword,SLASH,60,24.1307,5,10.0000,0.10,0.960208032,3.979197
epicfight:iron_greatsword,SLASH,60,24.1307,40,22.2500,0.10,0.915578034,8.442197
epicfight:iron_greatsword,SLASH,60,24.1307,99,42.9000,0.10,0.849053683,15.094632
epicfight:iron_greatsword,SLASH,99,26.6,5,10.0000,0.10,0.963768116,3.623188
epicfight:iron_greatsword,SLASH,99,26.6,40,22.2500,0.10,0.922810061,7.718994
epicfight:iron_greatsword,SLASH,99,26.6,99,42.9000,0.10,0.861120104,13.887990
epicfight:diamond_greatsword,SLASH,5,15,5,10.0000,0.10,0.937500000,6.250000
epicfight:diamond_greatsword,SLASH,5,15,40,22.2500,0.10,0.870827286,12.917271
epicfight:diamond_greatsword,SLASH,5,15,99,42.9000,0.10,0.777604977,22.239502
epicfight:diamond_greatsword,SLASH,20,19.0704,5,10.0000,0.10,0.950175383,4.982462
epicfight:diamond_greatsword,SLASH,20,19.0704,40,22.2500,0.10,0.895517342,10.448266
epicfight:diamond_greatsword,SLASH,20,19.0704,99,42.9000,0.10,0.816355884,18.364412
epicfight:diamond_greatsword,SLASH,40,23.1407,5,10.0000,0.10,0.958576180,4.142382
epicfight:diamond_greatsword,SLASH,40,23.1407,40,22.2500,0.10,0.912283122,8.771688
epicfight:diamond_greatsword,SLASH,40,23.1407,99,42.9000,0.10,0.843605887,15.639411
epicfight:diamond_greatsword,SLASH,60,25.8543,5,10.0000,0.10,0.962762016,3.723798
epicfight:diamond_greatsword,SLASH,60,25.8543,40,22.2500,0.10,0.920760133,7.923987
epicfight:diamond_greatsword,SLASH,60,25.8543,99,42.9000,0.10,0.857684537,14.231546
epicfight:diamond_greatsword,SLASH,99,28.5,5,10.0000,0.10,0.966101695,3.389831
epicfight:diamond_greatsword,SLASH,99,28.5,40,22.2500,0.10,0.927583401,7.241660
epicfight:diamond_greatsword,SLASH,99,28.5,99,42.9000,0.10,0.869167429,13.083257
epicfight:netherite_greatsword,SLASH,5,16,5,10.0000,0.10,0.941176471,5.882353
epicfight:netherite_greatsword,SLASH,5,16,40,22.2500,0.10,0.877914952,12.208505
epicfight:netherite_greatsword,SLASH,5,16,99,42.9000,0.10,0.788565796,21.143420
epicfight:netherite_greatsword,SLASH,20,20.3417,5,10.0000,0.10,0.953143377,4.685662
epicfight:netherite_greatsword,SLASH,20,20.3417,40,22.2500,0.10,0.901403395,9.859660
epicfight:netherite_greatsword,SLASH,20,20.3417,99,42.9000,0.10,0.825834189,17.416581
epicfight:netherite_greatsword,SLASH,40,24.6834,5,10.0000,0.10,0.961064345,3.893565
epicfight:netherite_greatsword,SLASH,40,24.6834,40,22.2500,0.10,0.917312066,8.268793
epicfight:netherite_greatsword,SLASH,40,24.6834,99,42.9000,0.10,0.851933152,14.806685
epicfight:netherite_greatsword,SLASH,60,27.5779,5,10.0000,0.10,0.965007926,3.499207
epicfight:netherite_greatsword,SLASH,60,27.5779,40,22.2500,0.10,0.925342836,7.465716
epicfight:netherite_greatsword,SLASH,60,27.5779,99,42.9000,0.10,0.865381779,13.461822
epicfight:netherite_greatsword,SLASH,99,30.4,5,10.0000,0.10,0.968152866,3.184713
epicfight:netherite_greatsword,SLASH,99,30.4,40,22.2500,0.10,0.931800766,6.819923
epicfight:netherite_greatsword,SLASH,99,30.4,99,42.9000,0.10,0.876333237,12.366676
epicfight:iron_longsword,SLASH,5,7,5,10.0000,0.10,0.875000000,12.500000
epicfight:iron_longsword,SLASH,5,7,40,22.2500,0.10,0.758807588,24.119241
epicfight:iron_longsword,SLASH,5,7,99,42.9000,0.10,0.620017715,37.998229
epicfight:iron_longsword,SLASH,20,8.6884,5,10.0000,0.10,0.896783783,10.321622
epicfight:iron_longsword,SLASH,20,8.6884,40,22.2500,0.10,0.796122198,20.387780
epicfight:iron_longsword,SLASH,20,8.6884,99,42.9000,0.10,0.669450780,33.054922
epicfight:iron_longsword,SLASH,40,10.3769,5,10.0000,0.10,0.912102594,8.789741
epicfight:iron_longsword,SLASH,40,10.3769,40,22.2500,0.10,0.823439323,17.656068
epicfight:iron_longsword,SLASH,40,10.3769,99,42.9000,0.10,0.707504653,29.249535
epicfight:iron_longsword,SLASH,60,11.5025,5,10.0000,0.10,0.920015997,7.998400
epicfight:iron_longsword,SLASH,60,11.5025,40,22.2500,0.10,0.837916591,16.208341
epicfight:iron_longsword,SLASH,60,11.5025,99,42.9000,0.10,0.728352066,27.164793
epicfight:iron_longsword,SLASH,99,12.6,5,10.0000,0.10,0.926470588,7.352941
epicfight:iron_longsword,SLASH,99,12.6,40,22.2500,0.10,0.849915683,15.008432
epicfight:iron_longsword,SLASH,99,12.6,99,42.9000,0.10,0.746003552,25.399645
epicfight:diamond_longsword,SLASH,5,8,5,10.0000,0.10,0.888888889,11.111111
epicfight:diamond_longsword,SLASH,5,8,40,22.2500,0.10,0.782396088,21.760391
epicfight:diamond_longsword,SLASH,5,8,99,42.9000,0.10,0.650935720,34.906428
epicfight:diamond_longsword,SLASH,20,9.9296,5,10.0000,0.10,0.908505343,9.149466
epicfight:diamond_longsword,SLASH,20,9.9296,40,22.2500,0.10,0.816941734,18.305827
epicfight:diamond_longsword,SLASH,20,9.9296,99,42.9000,0.10,0.698303750,30.169625
epicfight:diamond_longsword,SLASH,40,11.8593,5,10.0000,0.10,0.922235269,7.776473
epicfight:diamond_longsword,SLASH,40,11.8593,40,22.2500,0.10,0.842022678,15.797732
epicfight:diamond_longsword,SLASH,40,11.8593,99,42.9000,0.10,0.734353811,26.564619
epicfight:diamond_longsword,SLASH,60,13.1457,5,10.0000,0.10,0.929307139,7.069286
epicfight:diamond_longsword,SLASH,60,13.1457,40,22.2500,0.10,0.855244068,14.475593
epicfight:diamond_longsword,SLASH,60,13.1457,99,42.9000,0.10,0.753953096,24.604690
epicfight:diamond_longsword,SLASH,99,14.4,5,10.0000,0.10,0.935064935,6.493506
epicfight:diamond_longsword,SLASH,99,14.4,40,22.2500,0.10,0.866165414,13.383459
epicfight:diamond_longsword,SLASH,99,14.4,99,42.9000,0.10,0.770465490,22.953451
epicfight:netherite_longsword,SLASH,5,9,5,10.0000,0.10,0.900000000,10.000000
epicfight:netherite_longsword,SLASH,5,9,40,22.2500,0.10,0.801781737,19.821826
epicfight:netherite_longsword,SLASH,5,9,99,42.9000,0.10,0.677200903,32.279910
epicfight:netherite_longsword,SLASH,20,11.1709,5,10.0000,0.10,0.917836807,8.216319
epicfight:netherite_longsword,SLASH,20,11.1709,40,22.2500,0.10,0.833904404,16.609560
epicfight:netherite_longsword,SLASH,20,11.1709,99,42.9000,0.10,0.722525856,27.747414
epicfight:netherite_longsword,SLASH,40,13.3417,5,10.0000,0.10,0.930273259,6.972674
epicfight:netherite_longsword,SLASH,40,13.3417,40,22.2500,0.10,0.857066687,14.293331
epicfight:netherite_longsword,SLASH,40,13.3417,99,42.9000,0.10,0.756688238,24.331176
epicfight:netherite_longsword,SLASH,60,14.7889,5,10.0000,0.10,0.936664365,6.333563
epicfight:netherite_longsword,SLASH,60,14.7889,40,22.2500,0.10,0.869224575,13.077542
epicfight:netherite_longsword,SLASH,60,14.7889,99,42.9000,0.10,0.775144269,22.485573
epicfight:netherite_longsword,SLASH,99,16.2,5,10.0000,0.10,0.941860465,5.813953
epicfight:netherite_longsword,SLASH,99,16.2,40,22.2500,0.10,0.879240163,12.075984
epicfight:netherite_longsword,SLASH,99,16.2,99,42.9000,0.10,0.790629575,20.937042
epicfight:iron_spear,PIERCE,5,6,5,10.0000,0.10,0.857142857,14.285714
epicfight:iron_spear,PIERCE,5,6,40,22.2500,0.10,0.729483283,27.051672
epicfight:iron_spear,PIERCE,5,6,99,42.9000,0.10,0.583090379,41.690962
epicfight:iron_spear,PIERCE,20,7.4472,5,10.0000,0.10,0.881617577,11.838242
epicfight:iron_spear,PIERCE,20,7.4472,40,22.2500,0.10,0.769959265,23.004074
epicfight:iron_spear,PIERCE,20,7.4472,99,42.9000,0.10,0.634495450,36.550455
epicfight:iron_spear,PIERCE,40,8.8945,5,10.0000,0.10,0.898933751,10.106625
epicfight:iron_spear,PIERCE,40,8.8945,40,22.2500,0.10,0.799901075,20.009893
epicfight:iron_spear,PIERCE,40,8.8945,99,42.9000,0.10,0.674617923,32.538208
epicfight:iron_spear,PIERCE,60,9.8593,5,10.0000,0.10,0.907913033,9.208697
epicfight:iron_spear,PIERCE,60,9.8593,40,22.2500,0.10,0.815876799,18.412320
epicfight:iron_spear,PIERCE,60,9.8593,99,42.9000,0.10,0.696804789,30.319521
epicfight:iron_spear,PIERCE,99,10.8,5,10.0000,0.10,0.915254237,8.474576
epicfight:iron_spear,PIERCE,99,10.8,40,22.2500,0.10,0.829174664,17.082534
epicfight:iron_spear,PIERCE,99,10.8,99,42.9000,0.10,0.715705765,28.429423
epicfight:diamond_spear,PIERCE,5,7,5,10.0000,0.10,0.875000000,12.500000
epicfight:diamond_spear,PIERCE,5,7,40,22.2500,0.10,0.758807588,24.119241
epicfight:diamond_spear,PIERCE,5,7,99,42.9000,0.10,0.620017715,37.998229
epicfight:diamond_spear,PIERCE,20,8.6884,5,10.0000,0.10,0.896783783,10.321622
epicfight:diamond_spear,PIERCE,20,8.6884,40,22.2500,0.10,0.796122198,20.387780
epicfight:diamond_spear,PIERCE,20,8.6884,99,42.9000,0.10,0.669450780,33.054922
epicfight:diamond_spear,PIERCE,40,10.3769,5,10.0000,0.10,0.912102594,8.789741
epicfight:diamond_spear,PIERCE,40,10.3769,40,22.2500,0.10,0.823439323,17.656068
epicfight:diamond_spear,PIERCE,40,10.3769,99,42.9000,0.10,0.707504653,29.249535
epicfight:diamond_spear,PIERCE,60,11.5025,5,10.0000,0.10,0.920015997,7.998400
epicfight:diamond_spear,PIERCE,60,11.5025,40,22.2500,0.10,0.837916591,16.208341
epicfight:diamond_spear,PIERCE,60,11.5025,99,42.9000,0.10,0.728352066,27.164793
epicfight:diamond_spear,PIERCE,99,12.6,5,10.0000,0.10,0.926470588,7.352941
epicfight:diamond_spear,PIERCE,99,12.6,40,22.2500,0.10,0.849915683,15.008432
epicfight:diamond_spear,PIERCE,99,12.6,99,42.9000,0.10,0.746003552,25.399645
epicfight:netherite_spear,PIERCE,5,8,5,10.0000,0.10,0.888888889,11.111111
epicfight:netherite_spear,PIERCE,5,8,40,22.2500,0.10,0.782396088,21.760391
epicfight:netherite_spear,PIERCE,5,8,99,42.9000,0.10,0.650935720,34.906428
epicfight:netherite_spear,PIERCE,20,9.9296,5,10.0000,0.10,0.908505343,9.149466
epicfight:netherite_spear,PIERCE,20,9.9296,40,22.2500,0.10,0.816941734,18.305827
epicfight:netherite_spear,PIERCE,20,9.9296,99,42.9000,0.10,0.698303750,30.169625
epicfight:netherite_spear,PIERCE,40,11.8593,5,10.0000,0.10,0.922235269,7.776473
epicfight:netherite_spear,PIERCE,40,11.8593,40,22.2500,0.10,0.842022678,15.797732
epicfight:netherite_spear,PIERCE,40,11.8593,99,42.9000,0.10,0.734353811,26.564619
epicfight:netherite_spear,PIERCE,60,13.1457,5,10.0000,0.10,0.929307139,7.069286
epicfight:netherite_spear,PIERCE,60,13.1457,40,22.2500,0.10,0.855244068,14.475593
epicfight:netherite_spear,PIERCE,60,13.1457,99,42.9000,0.10,0.753953096,24.604690
epicfight:netherite_spear,PIERCE,99,14.4,5,10.0000,0.10,0.935064935,6.493506
epicfight:netherite_spear,PIERCE,99,14.4,40,22.2500,0.10,0.866165414,13.383459
epicfight:netherite_spear,PIERCE,99,14.4,99,42.9000,0.10,0.770465490,22.953451
epicfight:iron_tachi,SLASH,5,7,5,10.0000,0.10,0.875000000,12.500000
epicfight:iron_tachi,SLASH,5,7,40,22.2500,0.10,0.758807588,24.119241
epicfight:iron_tachi,SLASH,5,7,99,42.9000,0.10,0.620017715,37.998229
epicfight:iron_tachi,SLASH,20,8.8995,5,10.0000,0.10,0.898984797,10.101520
epicfight:iron_tachi,SLASH,20,8.8995,40,22.2500,0.10,0.799991011,20.000899
epicfight:iron_tachi,SLASH,20,8.8995,99,42.9000,0.10,0.674741271,32.525873
epicfight:iron_tachi,SLASH,40,10.799,5,10.0000,0.10,0.915247055,8.475295
epicfight:iron_tachi,SLASH,40,10.799,40,22.2500,0.10,0.829161548,17.083845
epicfight:iron_tachi,SLASH,40,10.799,99,42.9000,0.10,0.715686924,28.431308
epicfight:iron_tachi,SLASH,60,12.0653,5,10.0000,0.10,0.923461382,7.653862
epicfight:iron_tachi,SLASH,60,12.0653,40,22.2500,0.10,0.844299980,15.570002
epicfight:iron_tachi,SLASH,60,12.0653,99,42.9000,0.10,0.737699706,26.230029
epicfight:iron_tachi,SLASH,99,13.3,5,10.0000,0.10,0.930069930,6.993007
epicfight:iron_tachi,SLASH,99,13.3,40,22.2500,0.10,0.856682770,14.331723
epicfight:iron_tachi,SLASH,99,13.3,99,42.9000,0.10,0.756111427,24.388857
epicfight:diamond_tachi,SLASH,5,8,5,10.0000,0.10,0.888888889,11.111111
epicfight:diamond_tachi,SLASH,5,8,40,22.2500,0.10,0.782396088,21.760391
epicfight:diamond_tachi,SLASH,5,8,99,42.9000,0.10,0.650935720,34.906428
epicfight:diamond_tachi,SLASH,20,10.1709,5,10.0000,0.10,0.910481698,8.951830
epicfight:diamond_tachi,SLASH,20,10.1709,40,22.2500,0.10,0.820505167,17.949483
epicfight:diamond_tachi,SLASH,20,10.1709,99,42.9000,0.10,0.703337967,29.666203
epicfight:diamond_tachi,SLASH,40,12.3417,5,10.0000,0.10,0.925047033,7.495297
epicfight:diamond_tachi,SLASH,40,12.3417,40,22.2500,0.10,0.847254354,15.274565
epicfight:diamond_tachi,SLASH,40,12.3417,99,42.9000,0.10,0.742058839,25.794116
epicfight:diamond_tachi,SLASH,60,13.7889,5,10.0000,0.10,0.932381719,6.761828
epicfight:diamond_tachi,SLASH,60,13.7889,40,22.2500,0.10,0.861058206,13.894179
epicfight:diamond_tachi,SLASH,60,13.7889,99,42.9000,0.10,0.762706802,23.729320
epicfight:diamond_tachi,SLASH,99,15.2,5,10.0000,0.10,0.938271605,6.172840
epicfight:diamond_tachi,SLASH,99,15.2,40,22.2500,0.10,0.872309900,12.769010
epicfight:diamond_tachi,SLASH,99,15.2,99,42.9000,0.10,0.779887122,22.011288
epicfight:uchigatana,SLASH,5,7,5,10.0000,0.10,0.875000000,12.500000
epicfight:uchigatana,SLASH,5,7,40,22.2500,0.10,0.758807588,24.119241
epicfight:uchigatana,SLASH,5,7,99,42.9000,0.10,0.620017715,37.998229
epicfight:uchigatana,SLASH,20,8.794,5,10.0000,0.10,0.897896671,10.210333
epicfight:uchigatana,SLASH,20,8.794,40,22.2500,0.10,0.798076050,20.192395
epicfight:uchigatana,SLASH,20,8.794,99,42.9000,0.10,0.672118618,32.788138
epicfight:uchigatana,SLASH,40,10.5879,5,10.0000,0.10,0.913703087,8.629691
epicfight:uchigatana,SLASH,40,10.5879,40,22.2500,0.10,0.826346885,17.365312
epicfight:uchigatana,SLASH,40,10.5879,99,42.9000,0.10,0.711652854,28.834715
epicfight:uchigatana,SLASH,60,11.7839,5,10.0000,0.10,0.921776610,7.822339
epicfight:uchigatana,SLASH,60,11.7839,40,22.2500,0.10,0.841172398,15.882760
epicfight:uchigatana,SLASH,60,11.7839,99,42.9000,0.10,0.733107709,26.689229
epicfight:uchigatana,SLASH,99,12.95,5,10.0000,0.10,0.928315412,7.168459
epicfight:uchigatana,SLASH,99,12.95,40,22.2500,0.10,0.853377265,14.662273
epicfight:uchigatana,SLASH,99,12.95,99,42.9000,0.10,0.751160093,24.883991
epicfight:glove,STRIKE,5,3,5,10.0000,0.10,0.750000000,25.000000
epicfight:glove,STRIKE,5,3,40,25.7500,0.10,0.538116592,46.188341
epicfight:glove,STRIKE,5,3,99,52.3000,0.10,0.364520049,63.547995
epicfight:glove,STRIKE,20,3.6784,5,10.0000,0.10,0.786251710,21.374829
epicfight:glove,STRIKE,20,3.6784,40,25.7500,0.10,0.588224006,41.177599
epicfight:glove,STRIKE,20,3.6784,99,52.3000,0.10,0.412913655,58.708635
epicfight:glove,STRIKE,40,4.3568,5,10.0000,0.10,0.813321386,18.667861
epicfight:glove,STRIKE,40,4.3568,40,25.7500,0.10,0.628523616,37.147638
epicfight:glove,STRIKE,40,4.3568,99,52.3000,0.10,0.454458213,54.554179
epicfight:glove,STRIKE,60,4.809,5,10.0000,0.10,0.827853331,17.214667
epicfight:glove,STRIKE,60,4.809,40,25.7500,0.10,0.651273023,34.872698
epicfight:glove,STRIKE,60,4.809,99,52.3000,0.10,0.479031776,52.096822
epicfight:glove,STRIKE,99,5.25,5,10.0000,0.10,0.840000000,16.000000
epicfight:glove,STRIKE,99,5.25,40,25.7500,0.10,0.670926518,32.907348
epicfight:glove,STRIKE,99,5.25,99,52.3000,0.10,0.500954198,49.904580
efn:air_tachi,SLASH,5,10,5,10.0000,0.10,0.909090909,9.090909
efn:air_tachi,SLASH,5,10,40,22.2500,0.10,0.817995910,18.200409
efn:air_tachi,SLASH,5,10,99,42.9000,0.10,0.699790063,30.020994
efn:air_tachi,SLASH,20,12.7136,5,10.0000,0.10,0.927079687,7.292031
efn:air_tachi,SLASH,20,12.7136,40,22.2500,0.10,0.851056993,14.894301
efn:air_tachi,SLASH,20,12.7136,99,42.9000,0.10,0.747700487,25.229951
efn:air_tachi,SLASH,40,15.4271,5,10.0000,0.10,0.939124982,6.087502
efn:air_tachi,SLASH,40,15.4271,40,22.2500,0.10,0.873952674,12.604733
efn:air_tachi,SLASH,40,15.4271,99,42.9000,0.10,0.782422364,21.757764
efn:air_tachi,SLASH,60,17.2362,5,10.0000,0.10,0.945164014,5.483599
efn:air_tachi,SLASH,60,17.2362,40,22.2500,0.10,0.885669948,11.433005
efn:air_tachi,SLASH,60,17.2362,99,42.9000,0.10,0.800707974,19.929203
efn:air_tachi,SLASH,99,19,5,10.0000,0.10,0.950000000,5.000000
efn:air_tachi,SLASH,99,19,40,22.2500,0.10,0.895170789,10.482921
efn:air_tachi,SLASH,99,19,99,42.9000,0.10,0.815800773,18.419923
efn:broadblade,SLASH,5,10,5,10.0000,0.10,0.909090909,9.090909
efn:broadblade,SLASH,5,10,40,22.2500,0.10,0.817995910,18.200409
efn:broadblade,SLASH,5,10,99,42.9000,0.10,0.699790063,30.020994
efn:broadblade,SLASH,20,12.4121,5,10.0000,0.10,0.925440460,7.455954
efn:broadblade,SLASH,20,12.4121,40,22.2500,0.10,0.847989014,15.201099
efn:broadblade,SLASH,20,12.4121,99,42.9000,0.10,0.743146071,25.685393
efn:broadblade,SLASH,40,14.8241,5,10.0000,0.10,0.936805253,6.319475
efn:broadblade,SLASH,40,14.8241,40,22.2500,0.10,0.869494577,13.050542
efn:broadblade,SLASH,40,14.8241,99,42.9000,0.10,0.775558357,22.444164
efn:broadblade,SLASH,60,16.4322,5,10.0000,0.10,0.942634894,5.736511
efn:broadblade,SLASH,60,16.4322,40,22.2500,0.10,0.880743091,11.925691
efn:broadblade,SLASH,60,16.4322,99,42.9000,0.10,0.792975649,20.702435
efn:broadblade,SLASH,99,18,5,10.0000,0.10,0.947368421,5.263158
efn:broadblade,SLASH,99,18,40,22.2500,0.10,0.889987639,11.001236
efn:broadblade,SLASH,99,18,99,42.9000,0.10,0.807537012,19.246299
efn:crescent_moon,SLASH,5,12,5,10.0000,0.10,0.923076923,7.692308
efn:crescent_moon,SLASH,5,12,40,22.2500,0.10,0.843585237,15.641476
efn:crescent_moon,SLASH,5,12,99,42.9000,0.10,0.736648250,26.335175
efn:crescent_moon,SLASH,20,14.8945,5,10.0000,0.10,0.937085155,6.291484
efn:crescent_moon,SLASH,20,14.8945,40,22.2500,0.10,0.870031251,12.996875
efn:crescent_moon,SLASH,20,14.8945,99,42.9000,0.10,0.776381975,22.361802
efn:crescent_moon,SLASH,40,17.7889,5,10.0000,0.10,0.946777086,5.322291
efn:crescent_moon,SLASH,40,17.7889,40,22.2500,0.10,0.888827265,11.117273
efn:crescent_moon,SLASH,40,17.7889,99,42.9000,0.10,0.805696842,19.430316
efn:crescent_moon,SLASH,60,19.7186,5,10.0000,0.10,0.951734191,4.826581
efn:crescent_moon,SLASH,60,19.7186,40,22.2500,0.10,0.898603693,10.139631
efn:crescent_moon,SLASH,60,19.7186,99,42.9000,0.10,0.821314029,17.868597
efn:crescent_moon,SLASH,99,21.6,5,10.0000,0.10,0.955752212,4.424779
efn:crescent_moon,SLASH,99,21.6,40,22.2500,0.10,0.906610703,9.338930
efn:crescent_moon,SLASH,99,21.6,99,42.9000,0.10,0.834298957,16.570104
efn:excalibur,PHYSICAL,5,11,5,10.0000,0.10,0.916666667,8.333333
efn:excalibur,PHYSICAL,5,11,40,27.5000,0.10,0.800000000,20.000000
efn:excalibur,PHYSICAL,5,11,99,57.0000,0.10,0.658682635,34.131737
efn:excalibur,PHYSICAL,20,13.3216,5,10.0000,0.10,0.930175399,6.982460
efn:excalibur,PHYSICAL,20,13.3216,40,27.5000,0.10,0.828890714,17.110929
efn:excalibur,PHYSICAL,20,13.3216,99,57.0000,0.10,0.700340665,29.965933
efn:excalibur,PHYSICAL,40,15.6432,5,10.0000,0.10,0.939915401,6.008460
efn:excalibur,PHYSICAL,40,15.6432,40,27.5000,0.10,0.850488224,14.951178
efn:excalibur,PHYSICAL,40,15.6432,99,57.0000,0.10,0.732936017,26.706398
efn:excalibur,PHYSICAL,60,17.191,5,10.0000,0.10,0.945027761,5.497224
efn:excalibur,PHYSICAL,60,17.191,40,27.5000,0.10,0.862093175,13.790683
efn:excalibur,PHYSICAL,60,17.191,99,57.0000,0.10,0.750993840,24.900616
efn:excalibur,PHYSICAL,99,18.7,5,10.0000,0.10,0.949238579,5.076142
efn:excalibur,PHYSICAL,99,18.7,40,27.5000,0.10,0.871794872,12.820513
efn:excalibur,PHYSICAL,99,18.7,99,57.0000,0.10,0.766393443,23.360656
efn:hf_blade,SLASH,5,14,5,10.0000,0.10,0.933333333,6.666667
efn:hf_blade,SLASH,5,14,40,22.2500,0.10,0.862865948,13.713405
efn:hf_blade,SLASH,5,14,99,42.9000,0.10,0.765445599,23.455440
efn:hf_blade,SLASH,20,17.799,5,10.0000,0.10,0.946805681,5.319432
efn:hf_blade,SLASH,20,17.799,40,22.2500,0.10,0.888883340,11.111666
efn:hf_blade,SLASH,20,17.799,99,42.9000,0.10,0.805785685,19.421431
efn:hf_blade,SLASH,40,21.598,5,10.0000,0.10,0.955748296,4.425170
efn:hf_blade,SLASH,40,21.598,40,22.2500,0.10,0.906602863,9.339714
efn:hf_blade,SLASH,40,21.598,99,42.9000,0.10,0.834286156,16.571384
efn:hf_blade,SLASH,60,24.1307,5,10.0000,0.10,0.960208032,3.979197
efn:hf_blade,SLASH,60,24.1307,40,22.2500,0.10,0.915578034,8.442197
efn:hf_blade,SLASH,60,24.1307,99,42.9000,0.10,0.849053683,15.094632
efn:hf_blade,SLASH,99,26.6,5,10.0000,0.10,0.963768116,3.623188
efn:hf_blade,SLASH,99,26.6,40,22.2500,0.10,0.922810061,7.718994
efn:hf_blade,SLASH,99,26.6,99,42.9000,0.10,0.861120104,13.887990
efn:kusabimaru,SLASH,5,10,5,10.0000,0.10,0.909090909,9.090909
efn:kusabimaru,SLASH,5,10,40,22.2500,0.10,0.817995910,18.200409
efn:kusabimaru,SLASH,5,10,99,42.9000,0.10,0.699790063,30.020994
efn:kusabimaru,SLASH,20,12.5628,5,10.0000,0.10,0.926268912,7.373109
efn:kusabimaru,SLASH,20,12.5628,40,22.2500,0.10,0.849538133,15.046187
efn:kusabimaru,SLASH,20,12.5628,99,42.9000,0.10,0.745442894,25.455711
efn:kusabimaru,SLASH,40,15.1256,5,10.0000,0.10,0.937986804,6.201320
efn:kusabimaru,SLASH,40,15.1256,40,22.2500,0.10,0.871762360,12.823764
efn:kusabimaru,SLASH,40,15.1256,99,42.9000,0.10,0.779043656,22.095634
efn:kusabimaru,SLASH,60,16.8342,5,10.0000,0.10,0.943927959,5.607204
efn:kusabimaru,SLASH,60,16.8342,40,22.2500,0.10,0.883258479,11.674152
efn:kusabimaru,SLASH,60,16.8342,99,42.9000,0.10,0.796915386,20.308461
efn:kusabimaru,SLASH,99,18.5,5,10.0000,0.10,0.948717949,5.128205
efn:kusabimaru,SLASH,99,18.5,40,22.2500,0.10,0.892641737,10.735826
efn:kusabimaru,SLASH,99,18.5,99,42.9000,0.10,0.811759544,18.824046
efn:meen_spear,PIERCE,5,11,5,10.0000,0.10,0.916666667,8.333333
efn:meen_spear,PIERCE,5,11,40,22.2500,0.10,0.831758034,16.824197
efn:meen_spear,PIERCE,5,11,99,42.9000,0.10,0.719424460,28.057554
efn:meen_spear,PIERCE,20,13.6533,5,10.0000,0.10,0.931755987,6.824401
efn:meen_spear,PIERCE,20,13.6533,40,22.2500,0.10,0.859871649,14.012835
efn:meen_spear,PIERCE,20,13.6533,99,42.9000,0.10,0.760913544,23.908646
efn:meen_spear,PIERCE,40,16.3065,5,10.0000,0.10,0.942218242,5.778176
efn:meen_spear,PIERCE,40,16.3065,40,22.2500,0.10,0.879934166,12.006583
efn:meen_spear,PIERCE,40,16.3065,99,42.9000,0.10,0.791712184,20.828782
efn:meen_spear,PIERCE,60,18.0754,5,10.0000,0.10,0.947576460,5.242354
efn:meen_spear,PIERCE,60,18.0754,40,22.2500,0.10,0.890396248,10.960375
efn:meen_spear,PIERCE,60,18.0754,99,42.9000,0.10,0.808185859,19.181414
efn:meen_spear,PIERCE,99,19.8,5,10.0000,0.10,0.951923077,4.807692
efn:meen_spear,PIERCE,99,19.8,40,22.2500,0.10,0.898978434,10.102157
efn:meen_spear,PIERCE,99,19.8,99,42.9000,0.10,0.821917808,17.808219
efn:nf_claw,STRIKE,5,9,5,10.0000,0.10,0.900000000,10.000000
efn:nf_claw,STRIKE,5,9,40,25.7500,0.10,0.777537797,22.246220
efn:nf_claw,STRIKE,5,9,99,52.3000,0.10,0.632466620,36.753338
efn:nf_claw,STRIKE,20,11.0352,5,10.0000,0.10,0.916910396,8.308960
efn:nf_claw,STRIKE,20,11.0352,40,25.7500,0.10,0.810803662,18.919634
efn:nf_claw,STRIKE,20,11.0352,99,52.3000,0.10,0.678454615,32.154539
efn:nf_claw,STRIKE,40,13.0704,5,10.0000,0.10,0.928928815,7.107118
efn:nf_claw,STRIKE,40,13.0704,40,25.7500,0.10,0.835414882,16.458512
efn:nf_claw,STRIKE,40,13.0704,99,52.3000,0.10,0.714213897,28.578610
efn:nf_claw,STRIKE,60,14.4271,5,10.0000,0.10,0.935179003,6.482100
efn:nf_claw,STRIKE,60,14.4271,40,25.7500,0.10,0.848548121,15.145188
efn:nf_claw,STRIKE,60,14.4271,99,52.3000,0.10,0.733938373,26.606163
efn:nf_claw,STRIKE,99,15.75,5,10.0000,0.10,0.940298507,5.970149
efn:nf_claw,STRIKE,99,15.75,40,25.7500,0.10,0.859481583,14.051842
efn:nf_claw,STRIKE,99,15.75,99,52.3000,0.10,0.750714967,24.928503
efn:ruinsgreatsword,SLASH,5,16,5,10.0000,0.10,0.941176471,5.882353
efn:ruinsgreatsword,SLASH,5,16,40,22.2500,0.10,0.877914952,12.208505
efn:ruinsgreatsword,SLASH,5,16,99,42.9000,0.10,0.788565796,21.143420
efn:ruinsgreatsword,SLASH,20,20.3417,5,10.0000,0.10,0.953143377,4.685662
efn:ruinsgreatsword,SLASH,20,20.3417,40,22.2500,0.10,0.901403395,9.859660
efn:ruinsgreatsword,SLASH,20,20.3417,99,42.9000,0.10,0.825834189,17.416581
efn:ruinsgreatsword,SLASH,40,24.6834,5,10.0000,0.10,0.961064345,3.893565
efn:ruinsgreatsword,SLASH,40,24.6834,40,22.2500,0.10,0.917312066,8.268793
efn:ruinsgreatsword,SLASH,40,24.6834,99,42.9000,0.10,0.851933152,14.806685
efn:ruinsgreatsword,SLASH,60,27.5779,5,10.0000,0.10,0.965007926,3.499207
efn:ruinsgreatsword,SLASH,60,27.5779,40,22.2500,0.10,0.925342836,7.465716
efn:ruinsgreatsword,SLASH,60,27.5779,99,42.9000,0.10,0.865381779,13.461822
efn:ruinsgreatsword,SLASH,99,30.4,5,10.0000,0.10,0.968152866,3.184713
efn:ruinsgreatsword,SLASH,99,30.4,40,22.2500,0.10,0.931800766,6.819923
efn:ruinsgreatsword,SLASH,99,30.4,99,42.9000,0.10,0.876333237,12.366676
efn:thornwheel,SLASH,5,14,5,10.0000,0.10,0.933333333,6.666667
efn:thornwheel,SLASH,5,14,40,22.2500,0.10,0.862865948,13.713405
efn:thornwheel,SLASH,5,14,99,42.9000,0.10,0.765445599,23.455440
efn:thornwheel,SLASH,20,17.799,5,10.0000,0.10,0.946805681,5.319432
efn:thornwheel,SLASH,20,17.799,40,22.2500,0.10,0.888883340,11.111666
efn:thornwheel,SLASH,20,17.799,99,42.9000,0.10,0.805785685,19.421431
efn:thornwheel,SLASH,40,21.598,5,10.0000,0.10,0.955748296,4.425170
efn:thornwheel,SLASH,40,21.598,40,22.2500,0.10,0.906602863,9.339714
efn:thornwheel,SLASH,40,21.598,99,42.9000,0.10,0.834286156,16.571384
efn:thornwheel,SLASH,60,24.1307,5,10.0000,0.10,0.960208032,3.979197
efn:thornwheel,SLASH,60,24.1307,40,22.2500,0.10,0.915578034,8.442197
efn:thornwheel,SLASH,60,24.1307,99,42.9000,0.10,0.849053683,15.094632
efn:thornwheel,SLASH,99,26.6,5,10.0000,0.10,0.963768116,3.623188
efn:thornwheel,SLASH,99,26.6,40,22.2500,0.10,0.922810061,7.718994
efn:thornwheel,SLASH,99,26.6,99,42.9000,0.10,0.861120104,13.887990
irons_spellbooks:amethyst_rapier,PHYSICAL,5,8,5,10.0000,0.10,0.888888889,11.111111
irons_spellbooks:amethyst_rapier,PHYSICAL,5,8,40,27.5000,0.10,0.744186047,25.581395
irons_spellbooks:amethyst_rapier,PHYSICAL,5,8,99,57.0000,0.10,0.583941606,41.605839
irons_spellbooks:amethyst_rapier,PHYSICAL,20,9.6884,5,10.0000,0.10,0.906440627,9.355937
irons_spellbooks:amethyst_rapier,PHYSICAL,20,9.6884,40,27.5000,0.10,0.778910471,22.108953
irons_spellbooks:amethyst_rapier,PHYSICAL,20,9.6884,99,57.0000,0.10,0.629591121,37.040888
irons_spellbooks:amethyst_rapier,PHYSICAL,40,11.3769,5,10.0000,0.10,0.919204324,8.079568
irons_spellbooks:amethyst_rapier,PHYSICAL,40,11.3769,40,27.5000,0.10,0.805335919,19.466408
irons_spellbooks:amethyst_rapier,PHYSICAL,40,11.3769,99,57.0000,0.10,0.666215765,33.378423
irons_spellbooks:amethyst_rapier,PHYSICAL,60,12.5025,5,10.0000,0.10,0.925939641,7.406036
irons_spellbooks:amethyst_rapier,PHYSICAL,60,12.5025,40,27.5000,0.10,0.819701688,18.029831
irons_spellbooks:amethyst_rapier,PHYSICAL,60,12.5025,99,57.0000,0.10,0.686856201,31.314380
irons_spellbooks:amethyst_rapier,PHYSICAL,99,13.6,5,10.0000,0.10,0.931506849,6.849315
irons_spellbooks:amethyst_rapier,PHYSICAL,99,13.6,40,27.5000,0.10,0.831804281,16.819572
irons_spellbooks:amethyst_rapier,PHYSICAL,99,13.6,99,57.0000,0.10,0.704663212,29.533679
irons_spellbooks:boreal_blade,PHYSICAL,5,16,5,10.0000,0.10,0.941176471,5.882353
irons_spellbooks:boreal_blade,PHYSICAL,5,16,40,27.5000,0.10,0.853333333,14.666667
irons_spellbooks:boreal_blade,PHYSICAL,5,16,99,57.0000,0.10,0.737327189,26.267281
irons_spellbooks:boreal_blade,PHYSICAL,20,19.3769,5,10.0000,0.10,0.950924822,4.907518
irons_spellbooks:boreal_blade,PHYSICAL,20,19.3769,40,27.5000,0.10,0.875716888,12.428311
irons_spellbooks:boreal_blade,PHYSICAL,20,19.3769,99,57.0000,0.10,0.772699177,22.730082
irons_spellbooks:boreal_blade,PHYSICAL,40,22.7538,5,10.0000,0.10,0.957901473,4.209853
irons_spellbooks:boreal_blade,PHYSICAL,40,22.7538,40,27.5000,0.10,0.892172931,10.782707
irons_spellbooks:boreal_blade,PHYSICAL,40,22.7538,99,57.0000,0.10,0.799675263,20.032474
irons_spellbooks:boreal_blade,PHYSICAL,60,25.005,5,10.0000,0.10,0.961545857,3.845414
irons_spellbooks:boreal_blade,PHYSICAL,60,25.005,40,27.5000,0.10,0.900918753,9.908125
irons_spellbooks:boreal_blade,PHYSICAL,60,25.005,99,57.0000,0.10,0.814362482,18.563752
irons_spellbooks:boreal_blade,PHYSICAL,99,27.2,5,10.0000,0.10,0.964539007,3.546099
irons_spellbooks:boreal_blade,PHYSICAL,99,27.2,40,27.5000,0.10,0.908180301,9.181970
irons_spellbooks:boreal_blade,PHYSICAL,99,27.2,99,57.0000,0.10,0.826747720,17.325228
irons_spellbooks:claymore,PHYSICAL,5,10,5,10.0000,0.10,0.909090909,9.090909
irons_spellbooks:claymore,PHYSICAL,5,10,40,27.5000,0.10,0.784313725,21.568627
irons_spellbooks:claymore,PHYSICAL,5,10,99,57.0000,0.10,0.636942675,36.305732
irons_spellbooks:claymore,PHYSICAL,20,12.1106,5,10.0000,0.10,0.923725840,7.627416
irons_spellbooks:claymore,PHYSICAL,20,12.1106,40,27.5000,0.10,0.814946907,18.505309
irons_spellbooks:claymore,PHYSICAL,20,12.1106,99,57.0000,0.10,0.679965863,32.003414
irons_spellbooks:claymore,PHYSICAL,40,14.2211,5,10.0000,0.10,0.934301726,6.569827
irons_spellbooks:claymore,PHYSICAL,40,14.2211,40,27.5000,0.10,0.837959826,16.204017
irons_spellbooks:claymore,PHYSICAL,40,14.2211,99,57.0000,0.10,0.713871222,28.612878
irons_spellbooks:claymore,PHYSICAL,60,15.6281,5,10.0000,0.10,0.939860838,6.013916
irons_spellbooks:claymore,PHYSICAL,60,15.6281,40,27.5000,0.10,0.850365381,14.963462
irons_spellbooks:claymore,PHYSICAL,60,15.6281,99,57.0000,0.10,0.732746939,26.725306
irons_spellbooks:claymore,PHYSICAL,99,17,5,10.0000,0.10,0.944444444,5.555556
irons_spellbooks:claymore,PHYSICAL,99,17,40,27.5000,0.10,0.860759494,13.924051
irons_spellbooks:claymore,PHYSICAL,99,17,99,57.0000,0.10,0.748898678,25.110132
irons_spellbooks:decrepit_scythe,PHYSICAL,5,11,5,10.0000,0.10,0.916666667,8.333333
irons_spellbooks:decrepit_scythe,PHYSICAL,5,11,40,27.5000,0.10,0.800000000,20.000000
irons_spellbooks:decrepit_scythe,PHYSICAL,5,11,99,57.0000,0.10,0.658682635,34.131737
irons_spellbooks:decrepit_scythe,PHYSICAL,20,13.3216,5,10.0000,0.10,0.930175399,6.982460
irons_spellbooks:decrepit_scythe,PHYSICAL,20,13.3216,40,27.5000,0.10,0.828890714,17.110929
irons_spellbooks:decrepit_scythe,PHYSICAL,20,13.3216,99,57.0000,0.10,0.700340665,29.965933
irons_spellbooks:decrepit_scythe,PHYSICAL,40,15.6432,5,10.0000,0.10,0.939915401,6.008460
irons_spellbooks:decrepit_scythe,PHYSICAL,40,15.6432,40,27.5000,0.10,0.850488224,14.951178
irons_spellbooks:decrepit_scythe,PHYSICAL,40,15.6432,99,57.0000,0.10,0.732936017,26.706398
irons_spellbooks:decrepit_scythe,PHYSICAL,60,17.191,5,10.0000,0.10,0.945027761,5.497224
irons_spellbooks:decrepit_scythe,PHYSICAL,60,17.191,40,27.5000,0.10,0.862093175,13.790683
irons_spellbooks:decrepit_scythe,PHYSICAL,60,17.191,99,57.0000,0.10,0.750993840,24.900616
irons_spellbooks:decrepit_scythe,PHYSICAL,99,18.7,5,10.0000,0.10,0.949238579,5.076142
irons_spellbooks:decrepit_scythe,PHYSICAL,99,18.7,40,27.5000,0.10,0.871794872,12.820513
irons_spellbooks:decrepit_scythe,PHYSICAL,99,18.7,99,57.0000,0.10,0.766393443,23.360656
irons_spellbooks:hellrazor,PHYSICAL,5,13,5,10.0000,0.10,0.928571429,7.142857
irons_spellbooks:hellrazor,PHYSICAL,5,13,40,27.5000,0.10,0.825396825,17.460317
irons_spellbooks:hellrazor,PHYSICAL,5,13,99,57.0000,0.10,0.695187166,30.481283
irons_spellbooks:hellrazor,PHYSICAL,20,15.7437,5,10.0000,0.10,0.940276044,5.972396
irons_spellbooks:hellrazor,PHYSICAL,20,15.7437,40,27.5000,0.10,0.851300713,14.869929
irons_spellbooks:hellrazor,PHYSICAL,20,15.7437,99,57.0000,0.10,0.734187664,26.581234
irons_spellbooks:hellrazor,PHYSICAL,40,18.4874,5,10.0000,0.10,0.948684791,5.131521
irons_spellbooks:hellrazor,PHYSICAL,40,18.4874,40,27.5000,0.10,0.870511456,12.948854
irons_spellbooks:hellrazor,PHYSICAL,40,18.4874,99,57.0000,0.10,0.764340111,23.565989
irons_spellbooks:hellrazor,PHYSICAL,60,20.3166,5,10.0000,0.10,0.953088204,4.691180
irons_spellbooks:hellrazor,PHYSICAL,60,20.3166,40,27.5000,0.10,0.880780002,11.922000
irons_spellbooks:hellrazor,PHYSICAL,60,20.3166,99,57.0000,0.10,0.780909112,21.909089
irons_spellbooks:hellrazor,PHYSICAL,99,22.1,5,10.0000,0.10,0.956709957,4.329004
irons_spellbooks:hellrazor,PHYSICAL,99,22.1,40,27.5000,0.10,0.889336016,11.066398
irons_spellbooks:hellrazor,PHYSICAL,99,22.1,99,57.0000,0.10,0.794964029,20.503597
irons_spellbooks:magehunter,PHYSICAL,5,7,5,10.0000,0.10,0.875000000,12.500000
irons_spellbooks:magehunter,PHYSICAL,5,7,40,27.5000,0.10,0.717948718,28.205128
irons_spellbooks:magehunter,PHYSICAL,5,7,99,57.0000,0.10,0.551181102,44.881890
irons_spellbooks:magehunter,PHYSICAL,20,8.4774,5,10.0000,0.10,0.894485829,10.551417
irons_spellbooks:magehunter,PHYSICAL,20,8.4774,40,27.5000,0.10,0.755063505,24.493649
irons_spellbooks:magehunter,PHYSICAL,20,8.4774,99,57.0000,0.10,0.597951670,40.204833
irons_spellbooks:magehunter,PHYSICAL,40,9.9548,5,10.0000,0.10,0.908715814,9.128419
irons_spellbooks:magehunter,PHYSICAL,40,9.9548,40,27.5000,0.10,0.783546376,21.645362
irons_spellbooks:magehunter,PHYSICAL,40,9.9548,99,57.0000,0.10,0.635894422,36.410558
irons_spellbooks:magehunter,PHYSICAL,60,10.9397,5,10.0000,0.10,0.916245802,8.375420
irons_spellbooks:magehunter,PHYSICAL,60,10.9397,40,27.5000,0.10,0.799119046,20.088095
irons_spellbooks:magehunter,PHYSICAL,60,10.9397,99,57.0000,0.10,0.657445747,34.255425
irons_spellbooks:magehunter,PHYSICAL,99,11.9,5,10.0000,0.10,0.922480620,7.751938
irons_spellbooks:magehunter,PHYSICAL,99,11.9,40,27.5000,0.10,0.812286689,18.771331
irons_spellbooks:magehunter,PHYSICAL,99,11.9,99,57.0000,0.10,0.676136364,32.386364
irons_spellbooks:spellbreaker,PHYSICAL,5,10,5,10.0000,0.10,0.909090909,9.090909
irons_spellbooks:spellbreaker,PHYSICAL,5,10,40,27.5000,0.10,0.784313725,21.568627
irons_spellbooks:spellbreaker,PHYSICAL,5,10,99,57.0000,0.10,0.636942675,36.305732
irons_spellbooks:spellbreaker,PHYSICAL,20,12.1106,5,10.0000,0.10,0.923725840,7.627416
irons_spellbooks:spellbreaker,PHYSICAL,20,12.1106,40,27.5000,0.10,0.814946907,18.505309
irons_spellbooks:spellbreaker,PHYSICAL,20,12.1106,99,57.0000,0.10,0.679965863,32.003414
irons_spellbooks:spellbreaker,PHYSICAL,40,14.2211,5,10.0000,0.10,0.934301726,6.569827
irons_spellbooks:spellbreaker,PHYSICAL,40,14.2211,40,27.5000,0.10,0.837959826,16.204017
irons_spellbooks:spellbreaker,PHYSICAL,40,14.2211,99,57.0000,0.10,0.713871222,28.612878
irons_spellbooks:spellbreaker,PHYSICAL,60,15.6281,5,10.0000,0.10,0.939860838,6.013916
irons_spellbooks:spellbreaker,PHYSICAL,60,15.6281,40,27.5000,0.10,0.850365381,14.963462
irons_spellbooks:spellbreaker,PHYSICAL,60,15.6281,99,57.0000,0.10,0.732746939,26.725306
irons_spellbooks:spellbreaker,PHYSICAL,99,17,5,10.0000,0.10,0.944444444,5.555556
irons_spellbooks:spellbreaker,PHYSICAL,99,17,40,27.5000,0.10,0.860759494,13.924051
irons_spellbooks:spellbreaker,PHYSICAL,99,17,99,57.0000,0.10,0.748898678,25.110132
irons_spellbooks:twilight_gale,PHYSICAL,5,13,5,10.0000,0.10,0.928571429,7.142857
irons_spellbooks:twilight_gale,PHYSICAL,5,13,40,27.5000,0.10,0.825396825,17.460317
irons_spellbooks:twilight_gale,PHYSICAL,5,13,99,57.0000,0.10,0.695187166,30.481283
irons_spellbooks:twilight_gale,PHYSICAL,20,15.7437,5,10.0000,0.10,0.940276044,5.972396
irons_spellbooks:twilight_gale,PHYSICAL,20,15.7437,40,27.5000,0.10,0.851300713,14.869929
irons_spellbooks:twilight_gale,PHYSICAL,20,15.7437,99,57.0000,0.10,0.734187664,26.581234
irons_spellbooks:twilight_gale,PHYSICAL,40,18.4874,5,10.0000,0.10,0.948684791,5.131521
irons_spellbooks:twilight_gale,PHYSICAL,40,18.4874,40,27.5000,0.10,0.870511456,12.948854
irons_spellbooks:twilight_gale,PHYSICAL,40,18.4874,99,57.0000,0.10,0.764340111,23.565989
irons_spellbooks:twilight_gale,PHYSICAL,60,20.3166,5,10.0000,0.10,0.953088204,4.691180
irons_spellbooks:twilight_gale,PHYSICAL,60,20.3166,40,27.5000,0.10,0.880780002,11.922000
irons_spellbooks:twilight_gale,PHYSICAL,60,20.3166,99,57.0000,0.10,0.780909112,21.909089
irons_spellbooks:twilight_gale,PHYSICAL,99,22.1,5,10.0000,0.10,0.956709957,4.329004
irons_spellbooks:twilight_gale,PHYSICAL,99,22.1,40,27.5000,0.10,0.889336016,11.066398
irons_spellbooks:twilight_gale,PHYSICAL,99,22.1,99,57.0000,0.10,0.794964029,20.503597
irons_spellbooks:autoloader_crossbow,PIERCE,5,1,5,10.0000,0.10,0.500000000,50.000000
irons_spellbooks:autoloader_crossbow,PIERCE,5,1,40,22.2500,0.10,0.310077519,68.992248
irons_spellbooks:autoloader_crossbow,PIERCE,5,1,99,42.9000,0.10,0.189035917,81.096408
irons_spellbooks:autoloader_crossbow,PIERCE,20,1.2111,5,10.0000,0.10,0.547736421,45.226358
irons_spellbooks:autoloader_crossbow,PIERCE,20,1.2111,40,22.2500,0.10,0.352463549,64.753645
irons_spellbooks:autoloader_crossbow,PIERCE,20,1.2111,99,42.9000,0.10,0.220155969,77.984403
irons_spellbooks:autoloader_crossbow,PIERCE,40,1.4221,5,10.0000,0.10,0.587135131,41.286487
irons_spellbooks:autoloader_crossbow,PIERCE,40,1.4221,40,22.2500,0.10,0.389926243,61.007376
irons_spellbooks:autoloader_crossbow,PIERCE,40,1.4221,99,42.9000,0.10,0.248962728,75.103727
irons_spellbooks:autoloader_crossbow,PIERCE,60,1.5628,5,10.0000,0.10,0.609801779,39.019822
irons_spellbooks:autoloader_crossbow,PIERCE,60,1.5628,40,22.2500,0.10,0.412587782,58.741222
irons_spellbooks:autoloader_crossbow,PIERCE,60,1.5628,99,42.9000,0.10,0.267017496,73.298250
irons_spellbooks:autoloader_crossbow,PIERCE,99,1.7,5,10.0000,0.10,0.629629630,37.037037
irons_spellbooks:autoloader_crossbow,PIERCE,99,1.7,40,22.2500,0.10,0.433121019,56.687898
irons_spellbooks:autoloader_crossbow,PIERCE,99,1.7,99,42.9000,0.10,0.283806344,71.619366

